application_id,timestamp,bank_name,branch_name,account_number,ifsc_code,borrower_name,pincode,is_agri_enterprise,enterprise_sector,enterprise_type,crop_type,business_vintage_years,premises_status,customer_footfall,land_acres,irrigation_type,monthly_income_inr,monthly_expense_inr,cash_balance_inr,missed_utility_bills,overdue_installments,drought_severity,on_time_payment_pct_24m,dpd_trail_12m,nach_bounces_12m,avg_payment_delay_days,bbps_utility_compliance_pct,credit_utilization_pct,synthetic_credit_score,risk_pd_pct,risk_band,recommended_action,policy_decision
APP-2026-003,2026-08-05T13:21:39Z,Central Bank of India,Kurduwadi Branch,CBIN413001003,CBIN0413003,Sunita Borse,413001,no,Non-Agri Micro-Enterprise,Agri-Input & Seed Dealer,Agri-Input & Seed Dealer,6,Owned Commercial Premises,Moderate (20-50/day),,,39944.00,25278.00,12732.00,0,0,0.20,97%,0-0-0-0-0-0-0-0-0-0-0-0,0,0.6,98%,31%,810,6.6%,Low,Standard review approved. High payment punctuality trail verified.,MANUAL_REVIEW_REQUIRED
APP-2026-013,2026-08-05T15:31:49Z,Central Bank of India,"Barshi Main Branch, Solapur",CBIN413001013,CBIN0413013,Prakash Kadam,413001,no,Non-Agri Micro-Enterprise,Kirana & General Store,Kirana & General Store,5,Owned Commercial Premises,High (50+ transactions/day),,,46424.00,29538.00,25172.00,0,0,0.20,95%,0-0-0-0-0-0-0-0-0-0-0-0,0,0.6,98%,29%,812,6.3%,Low,Standard review approved. High payment punctuality trail verified.,MANUAL_REVIEW_REQUIRED
APP-2026-023,2026-08-05T17:41:59Z,Central Bank of India,Kurduwadi Branch,CBIN413001023,CBIN0413023,Maroti Solanke,413001,yes,Agricultural / Farming,Pomegranate & Fruit Farm,Pomegranate & Fruit Farm,,,,3.5,Drip Irrigation / Well,52904.00,33798.00,37612.00,0,0,0.20,99%,0-0-0-0-0-0-0-0-0-0-0-0,0,0.6,98%,27%,829,3.5%,Low,Standard review approved. High payment punctuality trail verified.,MANUAL_REVIEW_REQUIRED
APP-2026-033,2026-08-05T11:51:09Z,Central Bank of India,"Barshi Main Branch, Solapur",CBIN413001033,CBIN0413033,Devidas Dake,413001,no,Non-Agri Micro-Enterprise,Handloom & Textile Enterprise,Handloom & Textile Enterprise,4,Home-based / Mobile,Moderate (20-50/day),,,59384.00,38058.00,15052.00,0,0,0.20,97%,0-0-0-0-0-0-0-0-0-0-0-0,0,0.6,98%,25%,808,6.9%,Low,Standard review approved. High payment punctuality trail verified.,MANUAL_REVIEW_REQUIRED
APP-2026-043,2026-08-05T13:01:19Z,Central Bank of India,"Paithan Main Branch, Sambhajinagar",CBIN431001043,CBIN0431043,Sudam Ghuge,431001,no,Non-Agri Micro-Enterprise,Rural Solar & Electricals,Rural Solar & Electricals,2,Leased / Rented Shop,Moderate (20-50/day),,,65864.00,42318.00,27492.00,0,0,0.20,95%,0-0-0-0-0-0-0-0-0-0-0-0,0,0.6,98%,23%,785,10.8%,Low,Standard review approved. High payment punctuality trail verified.,MANUAL_REVIEW_REQUIRED
APP-2026-053,2026-08-05T15:11:29Z,Central Bank of India,Shevgaon Road Branch,CBIN431001053,CBIN0431053,Chhabu Gawande,431001,no,Non-Agri Micro-Enterprise,Spices & Food Processing Unit,Spices & Food Processing Unit,3,Leased / Rented Shop,Moderate (20-50/day),,,72344.00,46578.00,39932.00,0,0,0.20,99%,0-0-0-0-0-0-0-0-0-0-0-0,0,0.6,98%,53%,819,5.1%,Low,Standard review approved. High payment punctuality trail verified.,MANUAL_REVIEW_REQUIRED
APP-2026-063,2026-08-05T17:21:39Z,Central Bank of India,Sambhajinagar MSME Branch,CBIN431001063,CBIN0431063,Trimbak Misal,431001,no,Non-Agri Micro-Enterprise,Agri-Input & Seed Dealer,Agri-Input & Seed Dealer,6,Owned Commercial Premises,Moderate (20-50/day),,,78824.00,50418.00,17372.00,0,0,0.20,97%,0-0-0-0-0-0-0-0-0-0-0-0,0,0.6,98%,51%,807,7.0%,Low,Standard review approved. High payment punctuality trail verified.,MANUAL_REVIEW_REQUIRED
APP-2026-073,2026-08-05T11:31:49Z,Central Bank of India,"Kamptee Main Branch, Nagpur",CBIN440001073,CBIN0440073,Jaywant Kolhe,440001,no,Non-Agri Micro-Enterprise,Kirana & General Store,Kirana & General Store,5,Owned Commercial Premises,High (50+ transactions/day),,,40304.00,26678.00,28902.00,0,0,0.20,95%,0-0-0-0-0-0-0-0-0-0-0-0,0,0.6,98%,49%,816,5.6%,Low,Standard review approved. High payment punctuality trail verified.,MANUAL_REVIEW_REQUIRED
APP-2026-083,2026-08-05T13:41:59Z,Central Bank of India,Hingna Industrial Branch,CBIN440001083,CBIN0440083,Janardan Gunjal,440001,yes,Agricultural / Farming,Pomegranate & Fruit Farm,Pomegranate & Fruit Farm,,,,3.5,Drip Irrigation / Well,45934.00,30938.00,41342.00,0,0,0.20,99%,0-0-0-0-0-0-0-0-0-0-0-0,0,0.6,98%,47%,833,2.7%,Low,Standard review approved. High payment punctuality trail verified.,MANUAL_REVIEW_REQUIRED
APP-2026-093,2026-08-05T15:51:09Z,Central Bank of India,Nagpur Rural West Branch,CBIN440001093,CBIN0440093,Narayanrao Shelke,440001,no,Non-Agri Micro-Enterprise,Handloom & Textile Enterprise,Handloom & Textile Enterprise,4,Home-based / Mobile,Moderate (20-50/day),,,52414.00,35198.00,18782.00,0,0,0.20,97%,0-0-0-0-0-0-0-0-0-0-0-0,0,0.6,98%,45%,811,6.5%,Low,Standard review approved. High payment punctuality trail verified.,MANUAL_REVIEW_REQUIRED
APP-2026-103,2026-08-05T17:01:19Z,Central Bank of India,"Kamptee Main Branch, Nagpur",CBIN440001103,CBIN0440103,Parashram Sanap,440001,no,Non-Agri Micro-Enterprise,Rural Solar & Electricals,Rural Solar & Electricals,2,Leased / Rented Shop,Moderate (20-50/day),,,58894.00,39458.00,31222.00,0,0,0.20,95%,0-0-0-0-0-0-0-0-0-0-0-0,0,0.6,98%,43%,787,10.4%,Low,Standard review approved. High payment punctuality trail verified.,MANUAL_REVIEW_REQUIRED
