entity_id,entity_type,pincode,synthetic,crop,irrigation_resilience,land_hectares
lender:vridhi,synthetic_lender,national,True,,,
utility:413001,utility_company,413001,True,,,
wholesaler:413001:01,wholesaler,413001,True,,,
retailer:413001:01,kirana,413001,True,,,
retailer:413001:02,kirana,413001,True,,,
retailer:413001:03,kirana,413001,True,,,
retailer:413001:04,kirana,413001,True,,,
farmer:413001:001,farmer,413001,True,soybean,0.562,0.67
farmer:413001:002,farmer,413001,True,soybean,0.229,2.51
farmer:413001:003,farmer,413001,True,soybean,0.764,0.83
farmer:413001:004,farmer,413001,True,soybean,0.074,1.17
farmer:413001:005,farmer,413001,True,soybean,0.071,1.12
farmer:413001:006,farmer,413001,True,soybean,0.486,1.17
farmer:413001:007,farmer,413001,True,soybean,0.698,0.62
farmer:413001:008,farmer,413001,True,soybean,0.609,1.48
farmer:413001:009,farmer,413001,True,soybean,0.816,1.48
farmer:413001:010,farmer,413001,True,soybean,0.127,2.8
farmer:413001:011,farmer,413001,True,soybean,0.696,2.5
farmer:413001:012,farmer,413001,True,soybean,0.828,1.58
farmer:413001:013,farmer,413001,True,soybean,0.714,2.21
farmer:413001:014,farmer,413001,True,soybean,0.512,2.43
farmer:413001:015,farmer,413001,True,soybean,0.232,1.35
farmer:413001:016,farmer,413001,True,soybean,0.236,0.86
farmer:413001:017,farmer,413001,True,soybean,0.559,1.55
farmer:413001:018,farmer,413001,True,soybean,0.218,1.29
farmer:413001:019,farmer,413001,True,soybean,0.568,2.18
farmer:413001:020,farmer,413001,True,soybean,0.633,1.02
farmer:413001:021,farmer,413001,True,soybean,0.842,2.26
farmer:413001:022,farmer,413001,True,soybean,0.598,2.79
farmer:413001:023,farmer,413001,True,soybean,0.233,0.68
farmer:413001:024,farmer,413001,True,soybean,0.264,1.15
farmer:413001:025,farmer,413001,True,soybean,0.751,1.42
farmer:413001:026,farmer,413001,True,soybean,0.367,2.98
farmer:413001:027,farmer,413001,True,soybean,0.262,1.24
farmer:413001:028,farmer,413001,True,soybean,0.26,2.12
farmer:413001:029,farmer,413001,True,soybean,0.37,1.17
farmer:413001:030,farmer,413001,True,soybean,0.458,0.84
farmer:413001:031,farmer,413001,True,soybean,0.138,2.23
farmer:413001:032,farmer,413001,True,soybean,0.388,0.77
farmer:413001:033,farmer,413001,True,soybean,0.847,1.98
farmer:413001:034,farmer,413001,True,soybean,0.739,0.63
farmer:413001:035,farmer,413001,True,soybean,0.595,2.0
utility:431001,utility_company,431001,True,,,
wholesaler:431001:01,wholesaler,431001,True,,,
retailer:431001:01,kirana,431001,True,,,
retailer:431001:02,kirana,431001,True,,,
retailer:431001:03,kirana,431001,True,,,
retailer:431001:04,kirana,431001,True,,,
farmer:431001:001,farmer,431001,True,cotton,0.563,0.89
farmer:431001:002,farmer,431001,True,cotton,0.413,3.08
farmer:431001:003,farmer,431001,True,cotton,0.261,1.9
farmer:431001:004,farmer,431001,True,cotton,0.78,2.86
farmer:431001:005,farmer,431001,True,cotton,0.561,2.18
farmer:431001:006,farmer,431001,True,cotton,0.66,2.0
farmer:431001:007,farmer,431001,True,cotton,0.474,0.6
farmer:431001:008,farmer,431001,True,cotton,0.066,3.02
farmer:431001:009,farmer,431001,True,cotton,0.715,1.4
farmer:431001:010,farmer,431001,True,cotton,0.752,3.06
farmer:431001:011,farmer,431001,True,cotton,0.439,0.78
farmer:431001:012,farmer,431001,True,cotton,0.663,0.93
farmer:431001:013,farmer,431001,True,cotton,0.49,1.29
farmer:431001:014,farmer,431001,True,cotton,0.389,1.15
farmer:431001:015,farmer,431001,True,cotton,0.634,1.12
farmer:431001:016,farmer,431001,True,cotton,0.846,2.29
farmer:431001:017,farmer,431001,True,cotton,0.464,0.91
farmer:431001:018,farmer,431001,True,cotton,0.32,2.13
farmer:431001:019,farmer,431001,True,cotton,0.226,0.78
farmer:431001:020,farmer,431001,True,cotton,0.233,2.95
farmer:431001:021,farmer,431001,True,cotton,0.107,1.22
farmer:431001:022,farmer,431001,True,cotton,0.221,0.94
farmer:431001:023,farmer,431001,True,cotton,0.507,1.83
farmer:431001:024,farmer,431001,True,cotton,0.696,1.1
farmer:431001:025,farmer,431001,True,cotton,0.395,1.7
farmer:431001:026,farmer,431001,True,cotton,0.633,2.35
farmer:431001:027,farmer,431001,True,cotton,0.129,1.65
farmer:431001:028,farmer,431001,True,cotton,0.739,1.25
farmer:431001:029,farmer,431001,True,cotton,0.409,1.7
farmer:431001:030,farmer,431001,True,cotton,0.25,3.0
farmer:431001:031,farmer,431001,True,cotton,0.739,2.03
farmer:431001:032,farmer,431001,True,cotton,0.849,2.77
farmer:431001:033,farmer,431001,True,cotton,0.791,2.81
farmer:431001:034,farmer,431001,True,cotton,0.439,1.16
farmer:431001:035,farmer,431001,True,cotton,0.097,1.59
utility:440001,utility_company,440001,True,,,
wholesaler:440001:01,wholesaler,440001,True,,,
retailer:440001:01,kirana,440001,True,,,
retailer:440001:02,kirana,440001,True,,,
retailer:440001:03,kirana,440001,True,,,
retailer:440001:04,kirana,440001,True,,,
farmer:440001:001,farmer,440001,True,paddy,0.262,2.64
farmer:440001:002,farmer,440001,True,paddy,0.388,3.09
farmer:440001:003,farmer,440001,True,paddy,0.495,2.47
farmer:440001:004,farmer,440001,True,paddy,0.287,3.12
farmer:440001:005,farmer,440001,True,paddy,0.484,2.54
farmer:440001:006,farmer,440001,True,paddy,0.517,1.91
farmer:440001:007,farmer,440001,True,paddy,0.176,3.1
farmer:440001:008,farmer,440001,True,paddy,0.199,2.15
farmer:440001:009,farmer,440001,True,paddy,0.238,0.91
farmer:440001:010,farmer,440001,True,paddy,0.247,2.15
farmer:440001:011,farmer,440001,True,paddy,0.385,2.12
farmer:440001:012,farmer,440001,True,paddy,0.798,1.13
farmer:440001:013,farmer,440001,True,paddy,0.241,1.63
farmer:440001:014,farmer,440001,True,paddy,0.29,1.42
farmer:440001:015,farmer,440001,True,paddy,0.108,1.79
farmer:440001:016,farmer,440001,True,paddy,0.847,0.79
farmer:440001:017,farmer,440001,True,paddy,0.262,3.03
farmer:440001:018,farmer,440001,True,paddy,0.753,1.56
farmer:440001:019,farmer,440001,True,paddy,0.717,2.43
farmer:440001:020,farmer,440001,True,paddy,0.84,2.3
farmer:440001:021,farmer,440001,True,paddy,0.704,1.38
farmer:440001:022,farmer,440001,True,paddy,0.801,0.95
farmer:440001:023,farmer,440001,True,paddy,0.136,2.04
farmer:440001:024,farmer,440001,True,paddy,0.534,2.47
farmer:440001:025,farmer,440001,True,paddy,0.557,1.29
farmer:440001:026,farmer,440001,True,paddy,0.774,2.8
farmer:440001:027,farmer,440001,True,paddy,0.389,1.32
farmer:440001:028,farmer,440001,True,paddy,0.667,2.26
farmer:440001:029,farmer,440001,True,paddy,0.643,2.03
farmer:440001:030,farmer,440001,True,paddy,0.058,0.8
farmer:440001:031,farmer,440001,True,paddy,0.773,2.02
farmer:440001:032,farmer,440001,True,paddy,0.516,0.99
farmer:440001:033,farmer,440001,True,paddy,0.297,2.94
farmer:440001:034,farmer,440001,True,paddy,0.739,2.94
farmer:440001:035,farmer,440001,True,paddy,0.25,0.87
